timestamp,name,attribute_name,value
15:38.9,EV Chargers,power,64.969
45:40.8,EV Chargers,power,73.981
15:41.6,EV Chargers,power,72.745
45:42.9,EV Chargers,power,75.812
16:02.7,EV Chargers,power,94.165
46:21.9,EV Chargers,power,122.748
16:38.7,EV Chargers,power,155.296
47:00.8,EV Chargers,power,159.58
17:25.8,EV Chargers,power,162.144
47:44.8,EV Chargers,power,161.284
18:11.2,EV Chargers,power,158.819
48:31.3,EV Chargers,power,151.374
18:51.6,EV Chargers,power,142.174
49:11.8,EV Chargers,power,134.34
19:29.4,EV Chargers,power,131.007
49:56.0,EV Chargers,power,119.924
20:21.2,EV Chargers,power,108.775
21:04.6,EV Chargers,power,96.378
51:24.8,EV Chargers,power,79.543
21:49.1,EV Chargers,power,63.187
52:07.7,EV Chargers,power,47.934
22:36.8,EV Chargers,power,41.077
52:58.4,EV Chargers,power,33.273
23:20.8,EV Chargers,power,29.634
53:21.2,EV Chargers,power,19.238
23:40.9,EV Chargers,power,20.326
54:08.8,EV Chargers,power,19.772
24:24.2,EV Chargers,power,15.989
54:39.4,EV Chargers,power,11.695
25:01.4,EV Chargers,power,10.816
55:21.0,EV Chargers,power,11.488
25:38.9,EV Chargers,power,13.129
56:05.8,EV Chargers,power,19.605
26:27.8,EV Chargers,power,33.331
56:58.2,EV Chargers,power,51.269
26:52.7,EV Chargers,power,132.131
26:58.6,EV Chargers,power,63.748
57:18.1,EV Chargers,power,65.481
57:22.2,EV Chargers,power,132.131
27:38.1,EV Chargers,power,62.564
27:56.6,EV Chargers,power,132.131
57:57.1,EV Chargers,power,132.131
58:03.1,EV Chargers,power,56.268
28:15.2,EV Chargers,power,132.131
28:20.1,EV Chargers,power,56.415
58:38.7,EV Chargers,power,132.131
58:47.6,EV Chargers,power,61.646
29:08.9,EV Chargers,power,62.651
29:09.3,EV Chargers,power,132.131
59:30.5,EV Chargers,power,132.131
59:56.4,EV Chargers,power,69.46
29:52.0,EV Chargers,power,132.131
29:56.7,EV Chargers,power,67.24
00:14.5,EV Chargers,power,132.131
00:16.1,EV Chargers,power,65.121
30:30.7,EV Chargers,power,132.131
30:40.1,EV Chargers,power,66.017
00:40.6,EV Chargers,power,68.209
00:50.5,EV Chargers,power,132.131
30:42.2,EV Chargers,power,74.759
30:51.0,EV Chargers,power,132.131
00:59.5,EV Chargers,power,80.425
01:14.7,EV Chargers,power,132.131
31:24.3,EV Chargers,power,83.801
31:33.4,EV Chargers,power,132.131
01:44.4,EV Chargers,power,92.826
02:06.1,EV Chargers,power,132.131
31:45.7,EV Chargers,power,104.196
32:06.5,EV Chargers,power,132.131
02:07.6,EV Chargers,power,136.786
02:08.1,EV Chargers,power,132.131
32:34.2,EV Chargers,power,153.487
32:38.7,EV Chargers,power,132.131
03:03.6,EV Chargers,power,173.668
03:04.6,EV Chargers,power,132.131
33:23.6,EV Chargers,power,181.069
33:25.0,EV Chargers,power,132.131
03:44.8,EV Chargers,power,132.131
03:49.3,EV Chargers,power,181.284
33:46.4,EV Chargers,power,132.131
33:49.7,EV Chargers,power,173.036
04:06.7,EV Chargers,power,132.131
04:24.7,EV Chargers,power,166.735
34:31.8,EV Chargers,power,132.131
34:50.2,EV Chargers,power,164.418
04:52.4,EV Chargers,power,132.131
05:12.4,EV Chargers,power,163.434
35:16.6,EV Chargers,power,132.131
35:33.6,EV Chargers,power,160.123
05:36.9,EV Chargers,power,132.131
05:55.4,EV Chargers,power,149.106
35:56.7,EV Chargers,power,132.131
36:22.1,EV Chargers,power,138.542
06:19.1,EV Chargers,power,125.781
36:40.1,EV Chargers,power,106.592
07:02.6,EV Chargers,power,84.745
37:21.1,EV Chargers,power,65.456
08:02.8,EV Chargers,power,54.198
38:03.2,EV Chargers,power,42.331
08:24.7,EV Chargers,power,31.868
38:44.6,EV Chargers,power,28.572
09:00.7,EV Chargers,power,24.595
39:16.6,EV Chargers,power,20.72
09:37.3,EV Chargers,power,21.912
39:53.6,EV Chargers,power,17.903
10:10.2,EV Chargers,power,14.738
40:35.0,EV Chargers,power,13.49
41:45.7,EV Chargers,power,13.072
11:46.1,EV Chargers,power,27.669
42:11.8,EV Chargers,power,45.084
12:12.7,EV Chargers,power,59.749
42:25.4,EV Chargers,power,120.39
42:33.7,EV Chargers,power,64.782
12:50.0,EV Chargers,power,120.39
12:53.7,EV Chargers,power,66.83
43:05.6,EV Chargers,power,120.39
43:14.1,EV Chargers,power,70.664
13:26.7,EV Chargers,power,120.39
13:36.4,EV Chargers,power,72.198
43:48.3,EV Chargers,power,120.39
44:02.9,EV Chargers,power,68.722
14:03.2,EV Chargers,power,67.253
14:15.3,EV Chargers,power,120.39
44:23.2,EV Chargers,power,68.539
44:37.2,EV Chargers,power,120.39
14:43.6,EV Chargers,power,71.892
14:54.0,EV Chargers,power,120.39
45:06.9,EV Chargers,power,75.838
45:14.9,EV Chargers,power,120.39
15:25.1,EV Chargers,power,72.573
15:37.0,EV Chargers,power,120.39
45:57.7,EV Chargers,power,71.055
45:58.3,EV Chargers,power,120.39
16:15.2,EV Chargers,power,120.39
16:25.5,EV Chargers,power,76.782
46:40.4,EV Chargers,power,120.39
46:45.9,EV Chargers,power,86.188
17:06.4,EV Chargers,power,120.39
17:06.8,EV Chargers,power,87.68
47:28.1,EV Chargers,power,120.39
47:30.3,EV Chargers,power,94.104
17:49.4,EV Chargers,power,120.39
17:50.2,EV Chargers,power,114.122
48:17.4,EV Chargers,power,133.501
48:22.3,EV Chargers,power,120.39
18:36.8,EV Chargers,power,148.145
18:42.3,EV Chargers,power,120.39
48:57.9,EV Chargers,power,159.236
48:59.3,EV Chargers,power,120.39
19:14.5,EV Chargers,power,172.263
19:25.7,EV Chargers,power,120.39
49:46.9,EV Chargers,power,176.954
49:50.0,EV Chargers,power,120.39
20:06.1,EV Chargers,power,178.502
20:10.8,EV Chargers,power,120.39
50:29.3,EV Chargers,power,172.759
50:41.7,EV Chargers,power,120.39
20:54.3,EV Chargers,power,164.295
21:31.7,EV Chargers,power,120.39
51:21.7,EV Chargers,power,161.747
51:32.1,EV Chargers,power,120.39
21:42.3,EV Chargers,power,165.644
21:51.5,EV Chargers,power,120.39
52:22.4,EV Chargers,power,149.312
22:23.1,EV Chargers,power,135.252
23:02.3,EV Chargers,power,120.39
53:02.9,EV Chargers,power,120.39
23:03.4,EV Chargers,power,106.123
53:19.4,EV Chargers,power,89.761
23:41.3,EV Chargers,power,69.526
54:02.0,EV Chargers,power,58.294
24:27.2,EV Chargers,power,49.534
54:47.1,EV Chargers,power,37.791
25:06.5,EV Chargers,power,30.733
55:07.5,EV Chargers,power,28.914
25:27.2,EV Chargers,power,25.541
55:54.8,EV Chargers,power,21.732
25:55.4,EV Chargers,power,17.105
56:26.0,EV Chargers,power,13.447
26:44.1,EV Chargers,power,12.71
10/21/2021 4:57,EV Chargers,power,12.211
58:14.8,EV Chargers,power,15.083
28:15.4,EV Chargers,power,29.217
58:16.0,EV Chargers,power,57.261
28:31.6,EV Chargers,power,127.84
28:32.5,EV Chargers,power,69.802
58:51.0,EV Chargers,power,127.84
58:54.4,EV Chargers,power,77.069
29:14.7,EV Chargers,power,78.346
29:28.5,EV Chargers,power,127.84
59:33.3,EV Chargers,power,75.124
59:49.5,EV Chargers,power,127.84
29:51.5,EV Chargers,power,73.406
30:09.5,EV Chargers,power,127.84
00:13.8,EV Chargers,power,73.837
00:14.9,EV Chargers,power,127.84
30:31.4,EV Chargers,power,127.84
30:34.8,EV Chargers,power,76.553
00:55.0,EV Chargers,power,82.892
01:04.7,EV Chargers,power,127.84
31:11.6,EV Chargers,power,82.366
31:35.0,EV Chargers,power,127.84
01:53.4,EV Chargers,power,76.415
01:54.4,EV Chargers,power,127.84
32:09.1,EV Chargers,power,71.368
32:16.9,EV Chargers,power,127.84
02:29.9,EV Chargers,power,74.752
02:34.9,EV Chargers,power,127.84
32:30.6,EV Chargers,power,79.409
32:35.7,EV Chargers,power,127.84
02:55.3,EV Chargers,power,89.765
02:55.6,EV Chargers,power,127.84
33:20.3,EV Chargers,power,127.84
33:20.8,EV Chargers,power,91.002
03:38.1,EV Chargers,power,99.94
03:46.4,EV Chargers,power,127.84
33:39.2,EV Chargers,power,120.035
33:46.7,EV Chargers,power,127.84
04:11.8,EV Chargers,power,151.355
04:20.1,EV Chargers,power,127.84
34:20.4,EV Chargers,power,127.84
34:32.4,EV Chargers,power,170.767
04:36.7,EV Chargers,power,127.84
04:52.4,EV Chargers,power,176.947
34:54.9,EV Chargers,power,127.84
05:20.0,EV Chargers,power,127.84
06:03.1,EV Chargers,power,170.644
35:45.2,EV Chargers,power,127.84
36:03.5,EV Chargers,power,172.636
06:11.5,EV Chargers,power,127.84
06:18.5,EV Chargers,power,162.04
36:28.7,EV Chargers,power,127.84
36:45.6,EV Chargers,power,157.782
06:49.0,EV Chargers,power,127.84
07:08.0,EV Chargers,power,156.61
37:10.9,EV Chargers,power,127.84
37:30.6,EV Chargers,power,155.758
07:28.3,EV Chargers,power,127.84
07:31.0,EV Chargers,power,148.958
38:02.0,EV Chargers,power,127.84
38:03.0,EV Chargers,power,134.425
08:26.5,EV Chargers,power,124.677
38:27.0,EV Chargers,power,112.498
08:49.6,EV Chargers,power,90.147
39:09.2,EV Chargers,power,71.168
09:37.8,EV Chargers,power,58.712
40:02.2,EV Chargers,power,47.909
10:03.2,EV Chargers,power,33.642
40:30.7,EV Chargers,power,24.389
10:31.2,EV Chargers,power,20.122
40:49.1,EV Chargers,power,17.587
41:59.8,EV Chargers,power,13.313
12:01.1,EV Chargers,power,10.87
42:21.0,EV Chargers,power,9.907
12:41.6,EV Chargers,power,13.019
43:00.0,EV Chargers,power,18.674
13:19.3,EV Chargers,power,27.954
43:41.4,EV Chargers,power,45.668
13:57.6,EV Chargers,power,62.988
44:20.2,EV Chargers,power,71.493
44:28.1,EV Chargers,power,118.479
14:47.3,EV Chargers,power,73.799
14:48.8,EV Chargers,power,118.479
45:03.1,EV Chargers,power,79.249
45:11.2,EV Chargers,power,118.479
15:27.3,EV Chargers,power,118.479
15:44.4,EV Chargers,power,76.378
45:44.9,EV Chargers,power,82.527
45:46.7,EV Chargers,power,118.479
16:08.1,EV Chargers,power,81.867
16:08.8,EV Chargers,power,118.479
46:30.7,EV Chargers,power,118.479
46:48.4,EV Chargers,power,96.386
16:48.8,EV Chargers,power,99.918
16:51.8,EV Chargers,power,118.479
47:05.9,EV Chargers,power,94.074
47:12.5,EV Chargers,power,118.479
17:13.2,EV Chargers,power,118.479
17:29.3,EV Chargers,power,94.48
47:34.0,EV Chargers,power,118.479
47:55.5,EV Chargers,power,90.411
17:34.9,EV Chargers,power,118.479
17:57.1,EV Chargers,power,92.147
47:57.6,EV Chargers,power,93.07
48:02.3,EV Chargers,power,118.479
18:18.9,EV Chargers,power,118.479
18:21.8,EV Chargers,power,96.037
48:37.6,EV Chargers,power,92.325
48:39.7,EV Chargers,power,118.479
18:57.6,EV Chargers,power,105.709
18:58.2,EV Chargers,power,118.479
49:16.9,EV Chargers,power,118.479
49:18.1,EV Chargers,power,120.578
19:37.4,EV Chargers,power,129.696
19:42.7,EV Chargers,power,118.479
49:57.7,EV Chargers,power,147.693
50:00.2,EV Chargers,power,118.479
20:16.5,EV Chargers,power,151.299
20:26.7,EV Chargers,power,118.479
50:36.6,EV Chargers,power,150.618
50:52.2,EV Chargers,power,118.479
20:56.3,EV Chargers,power,152.118
21:15.7,EV Chargers,power,118.479
51:15.4,EV Chargers,power,147.802
51:16.0,EV Chargers,power,118.479
21:31.8,EV Chargers,power,134.256
21:37.2,EV Chargers,power,118.479
51:48.7,EV Chargers,power,129.525
51:56.6,EV Chargers,power,118.479
22:06.8,EV Chargers,power,134.951
22:26.1,EV Chargers,power,118.479
52:23.4,EV Chargers,power,130.334
52:26.5,EV Chargers,power,118.479
22:45.5,EV Chargers,power,124.603
23:03.3,EV Chargers,power,118.479
53:03.9,EV Chargers,power,118.479
23:23.0,EV Chargers,power,115.567
53:38.8,EV Chargers,power,103.458
24:01.5,EV Chargers,power,96.15
54:23.0,EV Chargers,power,89.017
25:01.4,EV Chargers,power,78.621
55:02.5,EV Chargers,power,70.268
25:18.8,EV Chargers,power,59.635
55:19.9,EV Chargers,power,50.052
25:37.6,EV Chargers,power,45.651
56:02.5,EV Chargers,power,41.979
26:23.3,EV Chargers,power,34.937
57:01.6,EV Chargers,power,28.446
27:28.1,EV Chargers,power,23.83
57:28.6,EV Chargers,power,20.651
27:45.1,EV Chargers,power,18.424
58:09.5,EV Chargers,power,13.952
28:29.9,EV Chargers,power,16.309
58:48.9,EV Chargers,power,27.565
29:06.9,EV Chargers,power,117.101
29:08.2,EV Chargers,power,36.19
59:25.6,EV Chargers,power,47.655
59:29.8,EV Chargers,power,117.101
29:46.9,EV Chargers,power,117.101
29:48.5,EV Chargers,power,56.934
00:05.7,EV Chargers,power,117.101
00:16.0,EV Chargers,power,73.701
30:33.2,EV Chargers,power,117.101
30:37.3,EV Chargers,power,88.282
00:49.0,EV Chargers,power,117.101
01:02.6,EV Chargers,power,95.175
31:03.1,EV Chargers,power,106.712
31:05.4,EV Chargers,power,117.101
01:18.1,EV Chargers,power,112.072
01:31.4,EV Chargers,power,117.101
31:40.4,EV Chargers,power,114.743
31:48.7,EV Chargers,power,117.101
02:01.2,EV Chargers,power,115.464
02:04.4,EV Chargers,power,117.101
32:20.8,EV Chargers,power,115.893
32:20.8,EV Chargers,power,117.101
02:36.3,EV Chargers,power,117.101
02:38.3,EV Chargers,power,115.34
32:37.8,EV Chargers,power,117.101
32:38.9,EV Chargers,power,113.278
02:56.4,EV Chargers,power,120.005
03:04.9,EV Chargers,power,117.101
33:20.8,EV Chargers,power,117.101
33:25.5,EV Chargers,power,121.342
03:40.4,EV Chargers,power,117.101
03:46.1,EV Chargers,power,123.15
33:41.5,EV Chargers,power,117.101
33:46.7,EV Chargers,power,132.941
04:01.7,EV Chargers,power,117.101
04:16.0,EV Chargers,power,139.951
34:24.7,EV Chargers,power,117.101
34:37.2,EV Chargers,power,142.139
04:44.6,EV Chargers,power,117.101
04:54.2,EV Chargers,power,140.187
35:14.1,EV Chargers,power,117.101
35:14.7,EV Chargers,power,138.153
05:41.1,EV Chargers,power,141.871
35:59.3,EV Chargers,power,137.314
35:59.7,EV Chargers,power,117.101
06:18.3,EV Chargers,power,139.307
06:23.2,EV Chargers,power,117.101
36:39.4,EV Chargers,power,134.04
36:40.5,EV Chargers,power,117.101
07:03.8,EV Chargers,power,131.248
07:04.3,EV Chargers,power,117.101
37:24.6,EV Chargers,power,117.101
37:27.6,EV Chargers,power,127.913
07:44.6,EV Chargers,power,117.101
07:53.4,EV Chargers,power,115.538
38:04.2,EV Chargers,power,117.101
38:13.4,EV Chargers,power,107.986
08:34.2,EV Chargers,power,115.282
38:53.5,EV Chargers,power,108.76
09:19.9,EV Chargers,power,101.784
39:40.7,EV Chargers,power,96.873
09:52.2,EV Chargers,power,90.97
40:08.2,EV Chargers,power,83.395
10:28.2,EV Chargers,power,75.573
40:50.0,EV Chargers,power,65.045
11:12.5,EV Chargers,power,58.325
41:31.6,EV Chargers,power,54.623
11:49.4,EV Chargers,power,45.859
42:04.8,EV Chargers,power,38.716
12:21.7,EV Chargers,power,30.943
42:43.1,EV Chargers,power,23.346
43:54.1,EV Chargers,power,24.228
13:54.7,EV Chargers,power,27.038
44:12.8,EV Chargers,power,25.331
14:32.3,EV Chargers,power,28.031
44:44.3,EV Chargers,power,96.592
44:54.9,EV Chargers,power,33.948
15:08.8,EV Chargers,power,96.592
15:16.1,EV Chargers,power,48.373
45:35.8,EV Chargers,power,96.592
45:36.0,EV Chargers,power,57.354
15:58.5,EV Chargers,power,68.822
16:01.2,EV Chargers,power,96.592
46:20.5,EV Chargers,power,84.496
46:26.6,EV Chargers,power,96.592
16:35.2,EV Chargers,power,105.056
16:42.6,EV Chargers,power,96.592
47:01.7,EV Chargers,power,96.592
47:04.8,EV Chargers,power,114.178
17:20.3,EV Chargers,power,128.217
17:27.0,EV Chargers,power,96.592
47:40.0,EV Chargers,power,134.579
47:44.1,EV Chargers,power,96.592
17:56.3,EV Chargers,power,130.657
18:05.3,EV Chargers,power,96.592
48:14.6,EV Chargers,power,139.421
48:24.3,EV Chargers,power,96.592
18:15.1,EV Chargers,power,137.697
18:24.7,EV Chargers,power,96.592
48:38.8,EV Chargers,power,137.465
48:39.6,EV Chargers,power,96.592
19:01.5,EV Chargers,power,137.491
19:04.9,EV Chargers,power,96.592
49:22.1,EV Chargers,power,141.096
49:32.5,EV Chargers,power,96.592
19:33.1,EV Chargers,power,96.592
19:43.0,EV Chargers,power,147.637
49:51.9,EV Chargers,power,96.592
50:07.2,EV Chargers,power,152.934
20:18.5,EV Chargers,power,96.592
20:29.4,EV Chargers,power,157.089
50:37.0,EV Chargers,power,96.592
50:51.3,EV Chargers,power,157.614
20:53.2,EV Chargers,power,96.592
21:19.5,EV Chargers,power,158.037
51:09.0,EV Chargers,power,96.592
51:20.2,EV Chargers,power,158.421
21:29.0,EV Chargers,power,96.592
51:48.4,EV Chargers,power,96.592
52:30.8,EV Chargers,power,165.124
22:11.8,EV Chargers,power,96.592
22:33.4,EV Chargers,power,166.252
52:28.7,EV Chargers,power,96.592
52:34.3,EV Chargers,power,157.83
22:53.7,EV Chargers,power,153.198
53:21.4,EV Chargers,power,141.256
53:39.4,EV Chargers,power,96.592
23:40.7,EV Chargers,power,96.592
23:49.5,EV Chargers,power,127.201
54:00.3,EV Chargers,power,96.592
24:15.9,EV Chargers,power,86.029
54:35.6,EV Chargers,power,66.538
24:55.8,EV Chargers,power,53.618
55:16.3,EV Chargers,power,48.005
25:46.3,EV Chargers,power,40.692
56:15.4,EV Chargers,power,33.021
26:15.9,EV Chargers,power,24.722
56:43.4,EV Chargers,power,21.663
26:59.4,EV Chargers,power,16.25
57:18.9,EV Chargers,power,11.745
27:43.9,EV Chargers,power,8.475
58:08.7,EV Chargers,power,7.7
28:26.5,EV Chargers,power,6.251
58:46.7,EV Chargers,power,7.435
29:08.3,EV Chargers,power,7.788
59:33.6,EV Chargers,power,12.225
29:54.4,EV Chargers,power,23.103
00:16.6,EV Chargers,power,51.552
30:31.5,EV Chargers,power,61.433
30:36.3,EV Chargers,power,93.692
00:51.7,EV Chargers,power,65.051
01:03.2,EV Chargers,power,93.692
31:24.0,EV Chargers,power,63.968
31:25.1,EV Chargers,power,93.692
01:39.2,EV Chargers,power,93.692
31:59.5,EV Chargers,power,93.692
32:35.4,EV Chargers,power,58.35
02:18.5,EV Chargers,power,93.692
02:36.0,EV Chargers,power,57.795
32:42.8,EV Chargers,power,93.692
32:59.3,EV Chargers,power,65.877
03:00.2,EV Chargers,power,72.803
03:06.1,EV Chargers,power,93.692
33:29.7,EV Chargers,power,69.622
33:47.8,EV Chargers,power,93.692
03:48.2,EV Chargers,power,93.692
03:52.3,EV Chargers,power,62.347
34:13.4,EV Chargers,power,59.033
34:15.1,EV Chargers,power,93.692
04:29.9,EV Chargers,power,62.312
04:43.1,EV Chargers,power,93.692
34:30.7,EV Chargers,power,60.597
34:45.1,EV Chargers,power,93.692
04:45.8,EV Chargers,power,93.692
04:54.6,EV Chargers,power,71.777
35:12.2,EV Chargers,power,93.692
35:19.1,EV Chargers,power,70.382
05:38.3,EV Chargers,power,93.692
05:44.4,EV Chargers,power,78.767
35:38.9,EV Chargers,power,93.692
35:44.8,EV Chargers,power,112.473
06:06.3,EV Chargers,power,93.692
06:07.7,EV Chargers,power,138.467
36:23.1,EV Chargers,power,93.692
36:27.0,EV Chargers,power,152.212
06:39.5,EV Chargers,power,93.692
06:48.3,EV Chargers,power,151.608
37:04.6,EV Chargers,power,93.692
37:06.8,EV Chargers,power,145.841
07:31.8,EV Chargers,power,93.692
07:33.9,EV Chargers,power,144.016
37:53.4,EV Chargers,power,137.11
37:57.3,EV Chargers,power,93.692
08:12.6,EV Chargers,power,93.692
08:13.6,EV Chargers,power,134.347
38:28.4,EV Chargers,power,93.692
38:31.8,EV Chargers,power,129.445
08:56.3,EV Chargers,power,93.692
08:58.7,EV Chargers,power,122.752
39:15.0,EV Chargers,power,93.692
39:18.2,EV Chargers,power,114.517
09:43.0,EV Chargers,power,93.619
09:43.6,EV Chargers,power,93.692
40:00.4,EV Chargers,power,93.692
40:06.4,EV Chargers,power,87.119
10:31.1,EV Chargers,power,88.751
41:01.5,EV Chargers,power,75.782
11:20.7,EV Chargers,power,63.026
41:50.2,EV Chargers,power,55.177
12:08.7,EV Chargers,power,48.777
42:34.7,EV Chargers,power,41.212
12:56.3,EV Chargers,power,32.49
43:16.9,EV Chargers,power,22.563
13:18.3,EV Chargers,power,18.19
43:39.9,EV Chargers,power,15.876
13:59.8,EV Chargers,power,12.716
44:26.8,EV Chargers,power,8.572
14:52.3,EV Chargers,power,9.641
45:14.7,EV Chargers,power,10.056
15:15.9,EV Chargers,power,14.347
45:37.7,EV Chargers,power,20.587
15:53.4,EV Chargers,power,28.714
46:13.9,EV Chargers,power,41.263
16:33.7,EV Chargers,power,52.283
46:54.8,EV Chargers,power,55.912
47:07.8,EV Chargers,power,122.091
17:24.0,EV Chargers,power,122.091
17:24.2,EV Chargers,power,60.658
47:44.9,EV Chargers,power,59.523
47:48.6,EV Chargers,power,122.091
18:07.1,EV Chargers,power,67.184
18:07.8,EV Chargers,power,122.091
48:26.1,EV Chargers,power,122.091
48:26.2,EV Chargers,power,74.473
18:43.2,EV Chargers,power,122.091
18:51.4,EV Chargers,power,70.246
49:09.6,EV Chargers,power,122.091
49:12.3,EV Chargers,power,75.11
19:34.5,EV Chargers,power,80.499
19:42.3,EV Chargers,power,122.091
49:51.8,EV Chargers,power,79.986
50:12.7,EV Chargers,power,122.091
20:12.6,EV Chargers,power,71.501
20:13.0,EV Chargers,power,122.091
50:29.3,EV Chargers,power,75.591
50:37.6,EV Chargers,power,122.091
20:30.4,EV Chargers,power,73.547
20:37.9,EV Chargers,power,122.091
50:46.7,EV Chargers,power,73.864
50:58.7,EV Chargers,power,122.091
21:08.9,EV Chargers,power,82.116
21:19.0,EV Chargers,power,122.091
51:28.5,EV Chargers,power,89.046
51:42.3,EV Chargers,power,122.091
21:45.8,EV Chargers,power,103.266
22:01.5,EV Chargers,power,122.091
52:02.5,EV Chargers,power,122.091
52:02.9,EV Chargers,power,118.396
22:20.4,EV Chargers,power,122.091
22:28.3,EV Chargers,power,150.896
52:44.1,EV Chargers,power,122.091
52:50.9,EV Chargers,power,172.129
23:12.8,EV Chargers,power,122.091
23:16.9,EV Chargers,power,177.572
53:35.8,EV Chargers,power,122.091
53:44.5,EV Chargers,power,174.436
23:54.7,EV Chargers,power,122.091
24:12.6,EV Chargers,power,166.673
54:17.2,EV Chargers,power,122.091
54:32.9,EV Chargers,power,153.692
24:45.5,EV Chargers,power,122.091
24:57.8,EV Chargers,power,148.115
55:12.1,EV Chargers,power,122.091
55:14.7,EV Chargers,power,147.928
25:31.9,EV Chargers,power,122.091
25:38.4,EV Chargers,power,143.093
55:54.9,EV Chargers,power,130.542
56:02.1,EV Chargers,power,122.091
26:02.5,EV Chargers,power,122.091
26:15.7,EV Chargers,power,121.967
56:31.6,EV Chargers,power,122.091
27:10.9,EV Chargers,power,108.377
57:11.6,EV Chargers,power,98.078
27:12.1,EV Chargers,power,84.589
57:38.0,EV Chargers,power,73.728
28:16.2,EV Chargers,power,66.026
58:42.7,EV Chargers,power,56.096
28:43.3,EV Chargers,power,45.167
59:02.5,EV Chargers,power,37.628
29:29.4,EV Chargers,power,30.859
59:49.3,EV Chargers,power,27.249
30:11.3,EV Chargers,power,23.425
00:43.5,EV Chargers,power,22.699
31:05.1,EV Chargers,power,21.86
01:23.0,EV Chargers,power,21.293
31:47.8,EV Chargers,power,22.914
02:03.6,EV Chargers,power,37.927
32:40.0,EV Chargers,power,54.371
02:59.8,EV Chargers,power,62.393
33:19.0,EV Chargers,power,67.424
33:34.4,EV Chargers,power,100.582
03:34.3,EV Chargers,power,76.832
03:34.8,EV Chargers,power,100.582
34:10.8,EV Chargers,power,100.582
34:14.6,EV Chargers,power,85.786
04:36.3,EV Chargers,power,100.582
04:41.0,EV Chargers,power,88.675
35:03.4,EV Chargers,power,100.582
35:18.1,EV Chargers,power,87.521
05:18.7,EV Chargers,power,85.415
05:22.2,EV Chargers,power,100.582
35:41.0,EV Chargers,power,81.938
35:49.9,EV Chargers,power,100.582
06:03.2,EV Chargers,power,87.947
06:13.8,EV Chargers,power,100.582
36:19.5,EV Chargers,power,87.3
36:29.9,EV Chargers,power,100.582
06:44.9,EV Chargers,power,92.476
06:45.3,EV Chargers,power,100.582
36:46.2,EV Chargers,power,83.939
37:03.8,EV Chargers,power,100.582
06:47.4,EV Chargers,power,87.797
07:04.6,EV Chargers,power,100.582
36:48.3,EV Chargers,power,89.203
37:04.9,EV Chargers,power,100.582
07:13.0,EV Chargers,power,98.638
07:22.9,EV Chargers,power,100.582
37:32.6,EV Chargers,power,108.085
37:48.0,EV Chargers,power,100.582
07:48.6,EV Chargers,power,121.595
08:10.7,EV Chargers,power,100.582
37:50.0,EV Chargers,power,141.477
38:11.0,EV Chargers,power,100.582
08:11.6,EV Chargers,power,160.163
08:11.6,EV Chargers,power,100.582
38:29.8,EV Chargers,power,100.582
38:39.0,EV Chargers,power,169.736
08:45.7,EV Chargers,power,100.582
09:05.7,EV Chargers,power,176.129
39:10.5,EV Chargers,power,100.582
39:21.2,EV Chargers,power,182.716
09:43.6,EV Chargers,power,176.653
09:44.8,EV Chargers,power,100.582
40:03.4,EV Chargers,power,167.66
40:09.6,EV Chargers,power,100.582
10:28.2,EV Chargers,power,166.358
10:30.7,EV Chargers,power,100.582
40:53.7,EV Chargers,power,157.811
40:56.4,EV Chargers,power,100.582
11:08.9,EV Chargers,power,159.224
11:17.3,EV Chargers,power,100.582
41:34.8,EV Chargers,power,143.656
41:38.6,EV Chargers,power,100.582
11:54.4,EV Chargers,power,100.582
12:04.6,EV Chargers,power,131.574
42:24.0,EV Chargers,power,100.582
42:28.5,EV Chargers,power,126.361
13:01.8,EV Chargers,power,95.007
43:02.8,EV Chargers,power,86.124
13:34.4,EV Chargers,power,71.64
43:55.8,EV Chargers,power,61.494
14:23.8,EV Chargers,power,51.983
44:42.8,EV Chargers,power,41.448
15:00.7,EV Chargers,power,29.906
45:29.6,EV Chargers,power,25.189
15:30.4,EV Chargers,power,19.013
45:50.2,EV Chargers,power,12.912
16:12.7,EV Chargers,power,7.155
46:28.7,EV Chargers,power,5.425
16:44.8,EV Chargers,power,6.666
47:03.7,EV Chargers,power,5.808
17:20.8,EV Chargers,power,4.427
47:40.0,EV Chargers,power,10.145
18:02.4,EV Chargers,power,19.746
48:22.3,EV Chargers,power,38.872
18:40.9,EV Chargers,power,54.452
18:46.7,EV Chargers,power,123.978
49:02.4,EV Chargers,power,64.946
49:04.8,EV Chargers,power,123.978
19:22.4,EV Chargers,power,123.978
19:23.3,EV Chargers,power,67.213
49:47.4,EV Chargers,power,69.284
49:51.8,EV Chargers,power,123.978
20:09.3,EV Chargers,power,68.631
20:19.2,EV Chargers,power,123.978
50:41.1,EV Chargers,power,71.88
50:44.4,EV Chargers,power,123.978
21:04.9,EV Chargers,power,123.978
21:09.5,EV Chargers,power,70.079
51:28.0,EV Chargers,power,123.978
51:31.5,EV Chargers,power,76.644
51:55.3,EV Chargers,power,72.783
51:55.8,EV Chargers,power,123.978
22:24.2,EV Chargers,power,64.017
22:26.3,EV Chargers,power,123.978
52:46.2,EV Chargers,power,71.963
52:47.1,EV Chargers,power,123.978
22:46.7,EV Chargers,power,71.838
22:47.6,EV Chargers,power,123.978
53:04.1,EV Chargers,power,123.978
53:14.6,EV Chargers,power,75.287
23:30.4,EV Chargers,power,123.978
23:35.1,EV Chargers,power,86.832
53:56.2,EV Chargers,power,92.345
53:56.8,EV Chargers,power,123.978
24:28.7,EV Chargers,power,111.584
24:34.3,EV Chargers,power,123.978
54:29.6,EV Chargers,power,130.538
54:34.7,EV Chargers,power,123.978
24:48.4,EV Chargers,power,156.216
24:54.0,EV Chargers,power,123.978
55:11.4,EV Chargers,power,165.966
55:13.1,EV Chargers,power,123.978
25:33.5,EV Chargers,power,166.008
25:38.0,EV Chargers,power,123.978
55:38.8,EV Chargers,power,123.978
55:53.6,EV Chargers,power,167.905
25:54.5,EV Chargers,power,157.054
25:55.3,EV Chargers,power,123.978
56:11.5,EV Chargers,power,123.978
56:15.8,EV Chargers,power,149.015
26:31.3,EV Chargers,power,123.978
26:39.9,EV Chargers,power,145.06
56:54.4,EV Chargers,power,123.978
57:02.6,EV Chargers,power,142.511
27:19.4,EV Chargers,power,123.978
27:22.9,EV Chargers,power,138.006
57:40.9,EV Chargers,power,123.978
57:40.9,EV Chargers,power,135.886
27:59.8,EV Chargers,power,133.99
28:00.9,EV Chargers,power,123.978
58:36.2,EV Chargers,power,123.978
28:36.7,EV Chargers,power,112.049
58:55.5,EV Chargers,power,97.691
29:15.8,EV Chargers,power,81.746
59:36.4,EV Chargers,power,67.52
30:02.2,EV Chargers,power,51.159
00:02.9,EV Chargers,power,37.37
30:27.6,EV Chargers,power,27.627
00:49.8,EV Chargers,power,20.634
31:14.9,EV Chargers,power,13.497
01:35.9,EV Chargers,power,10.072
32:00.8,EV Chargers,power,5.957
02:29.4,EV Chargers,power,4.724
32:48.9,EV Chargers,power,4.644
03:09.6,EV Chargers,power,4.635
33:10.3,EV Chargers,power,9.477
03:45.3,EV Chargers,power,18.36
33:46.0,EV Chargers,power,33.172
04:01.9,EV Chargers,power,44.199
34:18.0,EV Chargers,power,55.172
34:21.9,EV Chargers,power,109.069
04:44.0,EV Chargers,power,63.723
04:47.3,EV Chargers,power,109.069
35:10.5,EV Chargers,power,70.014
35:14.5,EV Chargers,power,109.069
05:26.8,EV Chargers,power,71.123
05:37.1,EV Chargers,power,109.069
35:49.6,EV Chargers,power,72.486
36:02.6,EV Chargers,power,109.069
06:08.6,EV Chargers,power,70.385
06:18.2,EV Chargers,power,109.069
36:24.7,EV Chargers,power,73.076
36:35.4,EV Chargers,power,109.069
06:48.0,EV Chargers,power,84.404
07:02.9,EV Chargers,power,109.069
36:49.1,EV Chargers,power,84.095
37:04.0,EV Chargers,power,109.069
07:07.7,EV Chargers,power,90.617
07:27.0,EV Chargers,power,109.069
37:34.4,EV Chargers,power,88.379
37:42.9,EV Chargers,power,109.069
08:10.9,EV Chargers,power,90.067
08:23.2,EV Chargers,power,109.069
38:28.8,EV Chargers,power,85.57
38:45.7,EV Chargers,power,109.069
08:45.6,EV Chargers,power,90.085
08:46.3,EV Chargers,power,109.069
39:07.6,EV Chargers,power,94.082
39:23.1,EV Chargers,power,109.069
09:32.2,EV Chargers,power,101.409
09:59.0,EV Chargers,power,109.069
39:37.1,EV Chargers,power,130.263
40:00.1,EV Chargers,power,109.069
10:00.2,EV Chargers,power,135.214
10:00.7,EV Chargers,power,109.069
40:22.1,EV Chargers,power,148.731
40:24.9,EV Chargers,power,109.069
10:24.5,EV Chargers,power,154.375
10:25.7,EV Chargers,power,109.069
40:41.0,EV Chargers,power,109.069
40:46.1,EV Chargers,power,155.201
10:55.7,EV Chargers,power,109.069
11:30.5,EV Chargers,power,152.864
41:11.9,EV Chargers,power,109.069
41:31.0,EV Chargers,power,147.659
11:28.0,EV Chargers,power,109.069
11:33.2,EV Chargers,power,136.385
41:53.5,EV Chargers,power,109.069
41:53.7,EV Chargers,power,123.04
12:15.0,EV Chargers,power,109.069
12:21.1,EV Chargers,power,124.449
42:39.6,EV Chargers,power,109.069
13:02.1,EV Chargers,power,109.069
13:31.9,EV Chargers,power,113.368
44:13.9,EV Chargers,power,114.033
14:46.4,EV Chargers,power,105.705
45:26.2,EV Chargers,power,100.411
15:27.2,EV Chargers,power,94.583
45:48.0,EV Chargers,power,88.166
15:58.6,EV Chargers,power,79.597
46:14.5,EV Chargers,power,65.903
16:40.1,EV Chargers,power,53.876
46:56.1,EV Chargers,power,42.595
17:19.9,EV Chargers,power,35.692
47:49.7,EV Chargers,power,30.616
18:13.6,EV Chargers,power,23.198
48:37.9,EV Chargers,power,17.619
18:38.7,EV Chargers,power,14.619
48:54.2,EV Chargers,power,11.741
19:16.3,EV Chargers,power,7.12
49:44.4,EV Chargers,power,1.325
20:09.0,EV Chargers,power,2.596
50:32.8,EV Chargers,power,7.898
20:51.1,EV Chargers,power,15.079
51:13.4,EV Chargers,power,27.396
51:49.6,EV Chargers,power,115.104
21:33.8,EV Chargers,power,40.239
21:50.2,EV Chargers,power,115.104
51:55.4,EV Chargers,power,56.348
52:07.2,EV Chargers,power,115.104
22:11.5,EV Chargers,power,72.093
22:29.8,EV Chargers,power,115.104
52:52.7,EV Chargers,power,115.104
52:53.7,EV Chargers,power,85.723
22:53.7,EV Chargers,power,115.104
22:54.2,EV Chargers,power,86.675
53:09.3,EV Chargers,power,115.104
53:13.6,EV Chargers,power,94.525
23:16.5,EV Chargers,power,97.163
23:33.3,EV Chargers,power,115.104
53:34.0,EV Chargers,power,115.104
53:34.8,EV Chargers,power,102.702
23:55.2,EV Chargers,power,106.839
23:57.3,EV Chargers,power,115.104
54:14.4,EV Chargers,power,115.11
54:27.4,EV Chargers,power,115.104
24:16.0,EV Chargers,power,114.384
24:28.0,EV Chargers,power,115.104
54:38.3,EV Chargers,power,107.345
54:51.4,EV Chargers,power,115.104
25:08.8,EV Chargers,power,116.957
25:11.8,EV Chargers,power,115.104
55:54.6,EV Chargers,power,115.104
56:02.9,EV Chargers,power,126.803
25:56.0,EV Chargers,power,115.104
26:03.9,EV Chargers,power,142.912
56:13.6,EV Chargers,power,115.104
56:19.2,EV Chargers,power,143.725
26:37.7,EV Chargers,power,115.104
26:40.0,EV Chargers,power,137.413
56:57.1,EV Chargers,power,115.104
57:01.2,EV Chargers,power,138.916
27:19.6,EV Chargers,power,115.104
27:25.0,EV Chargers,power,132.835
57:42.9,EV Chargers,power,137.779
57:47.6,EV Chargers,power,115.104
28:06.0,EV Chargers,power,132.995
28:14.5,EV Chargers,power,115.104
58:26.0,EV Chargers,power,126.794
58:39.0,EV Chargers,power,115.104
28:53.6,EV Chargers,power,124.075
28:57.9,EV Chargers,power,115.104
58:58.9,EV Chargers,power,115.104
59:30.6,EV Chargers,power,121.477
29:18.9,EV Chargers,power,115.104
29:31.2,EV Chargers,power,116.273
59:39.4,EV Chargers,power,115.104
59:47.6,EV Chargers,power,108.817
30:03.7,EV Chargers,power,115.104
30:10.7,EV Chargers,power,104.906
00:27.9,EV Chargers,power,112.243
30:47.9,EV Chargers,power,106.273
01:10.5,EV Chargers,power,100.7
31:27.1,EV Chargers,power,93.124
01:44.8,EV Chargers,power,87.325
32:08.0,EV Chargers,power,73.343
02:30.0,EV Chargers,power,65.147
32:56.7,EV Chargers,power,57.017
02:57.5,EV Chargers,power,50.756
03:43.8,EV Chargers,power,50.756
33:17.6,EV Chargers,power,44.543
34:00.7,EV Chargers,power,29.838
04:30.8,EV Chargers,power,21.728
34:32.1,EV Chargers,power,17.132
04:47.7,EV Chargers,power,14.14
35:07.9,EV Chargers,power,14.508
35:30.0,EV Chargers,power,13.435
35:57.0,EV Chargers,power,88.153
05:48.0,EV Chargers,power,12.684
05:57.8,EV Chargers,power,88.153
36:09.5,EV Chargers,power,20.64
36:32.3,EV Chargers,power,88.153
06:29.4,EV Chargers,power,30.089
06:36.1,EV Chargers,power,88.153
36:45.0,EV Chargers,power,45.829
36:51.1,EV Chargers,power,88.153
07:03.0,EV Chargers,power,56.221
07:24.2,EV Chargers,power,88.153
37:24.0,EV Chargers,power,67.934
37:24.7,EV Chargers,power,88.153
07:44.5,EV Chargers,power,85.509
07:50.5,EV Chargers,power,88.153
38:05.1,EV Chargers,power,93.107
38:07.3,EV Chargers,power,88.153
08:20.4,EV Chargers,power,106.933
08:31.9,EV Chargers,power,88.153
38:42.3,EV Chargers,power,117.437
39:00.6,EV Chargers,power,88.153
09:01.6,EV Chargers,power,88.153
09:09.2,EV Chargers,power,131.176
39:24.2,EV Chargers,power,88.153
39:28.2,EV Chargers,power,132.049
09:41.0,EV Chargers,power,88.153
10:02.7,EV Chargers,power,137.39
40:04.5,EV Chargers,power,88.153
40:18.5,EV Chargers,power,130.495
10:19.8,EV Chargers,power,88.153
10:34.3,EV Chargers,power,126.728
40:35.2,EV Chargers,power,88.153
40:55.2,EV Chargers,power,133.693
10:52.5,EV Chargers,power,88.153
11:27.4,EV Chargers,power,142.963
41:13.3,EV Chargers,power,88.153
41:28.2,EV Chargers,power,146.605
11:28.9,EV Chargers,power,140.309
11:41.8,EV Chargers,power,88.153
41:52.7,EV Chargers,power,140.195
42:07.4,EV Chargers,power,88.153
12:07.2,EV Chargers,power,140.841
12:09.9,EV Chargers,power,88.153
42:25.6,EV Chargers,power,88.153
42:27.7,EV Chargers,power,142.172
12:59.6,EV Chargers,power,88.153
13:13.6,EV Chargers,power,149.234
43:16.8,EV Chargers,power,88.153
43:34.4,EV Chargers,power,151.434
13:38.3,EV Chargers,power,88.153
13:50.1,EV Chargers,power,154.641
44:02.4,EV Chargers,power,88.153
44:11.7,EV Chargers,power,152.851
14:35.6,EV Chargers,power,88.153
14:58.1,EV Chargers,power,148.468
45:00.2,EV Chargers,power,141.917
45:03.3,EV Chargers,power,88.153
15:30.1,EV Chargers,power,88.153
15:32.2,EV Chargers,power,126.225
45:49.6,EV Chargers,power,88.153
45:52.1,EV Chargers,power,113.892
16:09.5,EV Chargers,power,102.54
16:45.4,EV Chargers,power,88.153
46:46.1,EV Chargers,power,88.153
16:47.5,EV Chargers,power,75.787
17:25.7,EV Chargers,power,75.787
47:11.1,EV Chargers,power,64.66
47:26.2,EV Chargers,power,64.66
17:36.7,EV Chargers,power,55.072
47:58.4,EV Chargers,power,46.467
18:30.7,EV Chargers,power,42.878
19:42.8,EV Chargers,power,31.121
49:45.8,EV Chargers,power,26.259
19:47.3,EV Chargers,power,25.786
49:48.0,EV Chargers,power,23.776
20:23.8,EV Chargers,power,22.404
50:41.4,EV Chargers,power,20.627
21:34.8,EV Chargers,power,20.874
51:35.3,EV Chargers,power,23.811
21:33.3,EV Chargers,power,73.56
21:37.1,EV Chargers,power,30.894
51:51.8,EV Chargers,power,73.56
52:04.8,EV Chargers,power,50.824
22:05.3,EV Chargers,power,59.797
22:11.5,EV Chargers,power,73.56
52:27.8,EV Chargers,power,67.653
52:53.2,EV Chargers,power,73.56
22:52.7,EV Chargers,power,70.725
22:54.3,EV Chargers,power,73.56
53:24.1,EV Chargers,power,73.56
53:31.4,EV Chargers,power,66.683
23:25.5,EV Chargers,power,73.56
23:32.5,EV Chargers,power,62.678
53:26.3,EV Chargers,power,73.56
53:33.2,EV Chargers,power,61.728
23:49.1,EV Chargers,power,73.56
24:00.9,EV Chargers,power,61.529
54:09.3,EV Chargers,power,73.56
54:30.8,EV Chargers,power,67.517
24:26.3,EV Chargers,power,73.56
24:33.0,EV Chargers,power,68.537
11/1/2021 11:54,EV Chargers,power,73.56
54:34.1,EV Chargers,power,71.982
24:29.3,EV Chargers,power,73.56
24:34.9,EV Chargers,power,72.891
55:02.9,EV Chargers,power,73.56
55:12.8,EV Chargers,power,78.653
25:22.8,EV Chargers,power,73.56
25:31.8,EV Chargers,power,81.352
55:43.4,EV Chargers,power,73.56
56:10.8,EV Chargers,power,84.257
26:07.2,EV Chargers,power,73.56
26:12.5,EV Chargers,power,88.715
56:39.1,EV Chargers,power,73.56
56:51.3,EV Chargers,power,95.55
27:00.9,EV Chargers,power,73.56
27:09.4,EV Chargers,power,116.105
57:22.6,EV Chargers,power,73.56
57:27.0,EV Chargers,power,139.422
27:46.7,EV Chargers,power,73.56
27:59.0,EV Chargers,power,153.518
57:59.5,EV Chargers,power,153.077
58:10.3,EV Chargers,power,73.56
28:14.1,EV Chargers,power,156.483
28:32.5,EV Chargers,power,73.56
58:43.6,EV Chargers,power,150.992
58:50.1,EV Chargers,power,73.56
28:59.1,EV Chargers,power,145.593
29:14.1,EV Chargers,power,73.56
59:22.7,EV Chargers,power,149.1
59:38.5,EV Chargers,power,73.56
29:38.1,EV Chargers,power,147.618
29:38.9,EV Chargers,power,73.56
59:53.4,EV Chargers,power,142.062
59:54.2,EV Chargers,power,73.56
30:11.0,EV Chargers,power,73.56
30:17.5,EV Chargers,power,128.53
00:41.1,EV Chargers,power,112.692
00:59.1,EV Chargers,power,73.56
31:02.8,EV Chargers,power,101.545
31:18.7,EV Chargers,power,73.56
01:24.4,EV Chargers,power,92.473
01:43.9,EV Chargers,power,73.56
31:45.3,EV Chargers,power,81.45
32:02.6,EV Chargers,power,73.56
02:19.6,EV Chargers,power,70.933
32:50.5,EV Chargers,power,62.429
02:49.2,EV Chargers,power,49.773
33:12.7,EV Chargers,power,40.845
03:31.6,EV Chargers,power,33.133
33:48.2,EV Chargers,power,24.396
04:11.6,EV Chargers,power,22.024
34:32.1,EV Chargers,power,19.958
05:01.2,EV Chargers,power,17.397
35:26.7,EV Chargers,power,14.932
05:27.1,EV Chargers,power,14.35
35:50.2,EV Chargers,power,14.723
06:07.5,EV Chargers,power,15.835
36:22.7,EV Chargers,power,22.602
06:40.2,EV Chargers,power,26.964
36:58.9,EV Chargers,power,39.284
37:01.5,EV Chargers,power,93.287
07:21.4,EV Chargers,power,93.287
07:25.9,EV Chargers,power,49.244
37:42.6,EV Chargers,power,55.412
37:42.8,EV Chargers,power,93.287
07:57.2,EV Chargers,power,93.287
08:21.6,EV Chargers,power,58.664
38:26.3,EV Chargers,power,93.287
38:37.6,EV Chargers,power,61.083
08:38.1,EV Chargers,power,59.201
08:56.6,EV Chargers,power,93.287
39:01.1,EV Chargers,power,60.931
39:16.7,EV Chargers,power,93.287
09:43.3,EV Chargers,power,62.62
09:53.2,EV Chargers,power,93.287
39:44.1,EV Chargers,power,65.629
39:54.0,EV Chargers,power,93.287
10:11.0,EV Chargers,power,72.285
10:11.1,EV Chargers,power,93.287
40:36.9,EV Chargers,power,76.397
40:39.0,EV Chargers,power,93.287
11:04.5,EV Chargers,power,82.757
11:07.4,EV Chargers,power,93.287
41:05.1,EV Chargers,power,79.062
41:07.9,EV Chargers,power,93.287
11:29.3,EV Chargers,power,76.91
11:38.9,EV Chargers,power,93.287
41:39.4,EV Chargers,power,93.287
41:54.9,EV Chargers,power,80.314
12:21.1,EV Chargers,power,82.308
12:25.4,EV Chargers,power,93.287
42:21.6,EV Chargers,power,94.897
42:25.8,EV Chargers,power,93.287
12:54.9,EV Chargers,power,93.287
13:10.9,EV Chargers,power,100.935
43:11.1,EV Chargers,power,93.287
43:11.5,EV Chargers,power,113.198
13:27.6,EV Chargers,power,134.762
13:35.3,EV Chargers,power,93.287
43:45.2,EV Chargers,power,156.929
43:50.7,EV Chargers,power,93.287
14:00.1,EV Chargers,power,166.662
14:34.1,EV Chargers,power,93.287
44:25.6,EV Chargers,power,168.012
11/2/2021 17:44,EV Chargers,power,93.287
14:48.1,EV Chargers,power,161.115
15:21.5,EV Chargers,power,93.287
45:15.3,EV Chargers,power,158.682
45:22.3,EV Chargers,power,93.287
15:58.9,EV Chargers,power,93.287
15:59.1,EV Chargers,power,156.012
46:14.1,EV Chargers,power,93.287
46:23.6,EV Chargers,power,153.276
16:24.3,EV Chargers,power,149.564
16:53.4,EV Chargers,power,93.287
46:48.8,EV Chargers,power,134.363
46:53.8,EV Chargers,power,93.287
17:05.6,EV Chargers,power,124.773
17:21.4,EV Chargers,power,93.287
47:22.0,EV Chargers,power,93.287
47:27.2,EV Chargers,power,114.051
17:43.8,EV Chargers,power,103.966
17:57.7,EV Chargers,power,93.287
47:58.1,EV Chargers,power,93.287
18:32.7,EV Chargers,power,77.94
48:55.2,EV Chargers,power,63.473
19:21.3,EV Chargers,power,53.161
49:22.5,EV Chargers,power,42.526
19:43.0,EV Chargers,power,35.654
50:31.4,EV Chargers,power,32.502
20:32.0,EV Chargers,power,26.622
50:51.6,EV Chargers,power,23.476
21:07.8,EV Chargers,power,22.014
51:24.5,EV Chargers,power,18.462
21:42.6,EV Chargers,power,17.836
52:04.4,EV Chargers,power,16.736
22:20.4,EV Chargers,power,17.918
52:36.9,EV Chargers,power,24.385
22:56.4,EV Chargers,power,37.765
23:29.7,EV Chargers,power,126.061
53:13.8,EV Chargers,power,53.393
53:30.9,EV Chargers,power,126.061
23:29.7,EV Chargers,power,56.061
23:31.6,EV Chargers,power,126.061
53:53.1,EV Chargers,power,68.048
53:53.2,EV Chargers,power,126.061
24:23.5,EV Chargers,power,126.061
24:25.2,EV Chargers,power,75.736
54:42.9,EV Chargers,power,126.061
54:44.5,EV Chargers,power,77.787
24:44.2,EV Chargers,power,126.061
24:45.2,EV Chargers,power,75.184
55:12.3,EV Chargers,power,126.061
55:13.5,EV Chargers,power,71.23
25:29.0,EV Chargers,power,126.061
25:42.8,EV Chargers,power,68.758
55:51.5,EV Chargers,power,126.061
56:10.4,EV Chargers,power,79.433
26:13.9,EV Chargers,power,126.061
26:31.1,EV Chargers,power,79.32
56:34.3,EV Chargers,power,126.061
56:52.2,EV Chargers,power,84.609
11:22.3,EV Chargers,power,126.061
11:23.7,EV Chargers,power,91.578
41:44.6,EV Chargers,power,126.061
41:46.4,EV Chargers,power,89.874
11:45.8,EV Chargers,power,126.061
11:46.9,EV Chargers,power,93.459
41:46.6,EV Chargers,power,126.061
41:47.5,EV Chargers,power,89.69
11:48.1,EV Chargers,power,126.061
11:49.0,EV Chargers,power,92.453
42:10.4,EV Chargers,power,126.061
42:13.1,EV Chargers,power,101.79
12:11.8,EV Chargers,power,126.061
12:13.6,EV Chargers,power,116.783
42:12.8,EV Chargers,power,126.061
42:14.3,EV Chargers,power,132.18
12:14.6,EV Chargers,power,126.061
12:15.8,EV Chargers,power,143.297
42:16.8,EV Chargers,power,126.061
42:16.8,EV Chargers,power,156.739
12:34.0,EV Chargers,power,156.994
12:45.0,EV Chargers,power,126.061
42:34.8,EV Chargers,power,159.195
42:45.9,EV Chargers,power,126.061
12:36.0,EV Chargers,power,155.605
12:46.6,EV Chargers,power,126.061
42:36.9,EV Chargers,power,155.427
42:47.3,EV Chargers,power,126.061
12:38.7,EV Chargers,power,156.435
12:48.1,EV Chargers,power,126.061
42:59.4,EV Chargers,power,158.837
43:22.6,EV Chargers,power,126.061
13:00.8,EV Chargers,power,154.594
13:23.1,EV Chargers,power,126.061
43:01.5,EV Chargers,power,144.196
43:23.7,EV Chargers,power,126.061
13:03.6,EV Chargers,power,130.811
13:24.5,EV Chargers,power,126.061
43:04.5,EV Chargers,power,116.818
43:25.1,EV Chargers,power,126.061
13:25.5,EV Chargers,power,126.061
13:25.7,EV Chargers,power,110.586
43:26.3,EV Chargers,power,126.061
43:26.8,EV Chargers,power,101.505
14:00.0,EV Chargers,power,119.168
44:00.6,EV Chargers,power,104.044
13:48.9,EV Chargers,power,88.383
43:51.5,EV Chargers,power,76.256
13:53.2,EV Chargers,power,70.59
44:14.3,EV Chargers,power,62.583
14:15.6,EV Chargers,power,55.101
44:16.5,EV Chargers,power,51.119
14:18.7,EV Chargers,power,43.555
44:48.5,EV Chargers,power,40.317
14:49.4,EV Chargers,power,37.55
44:49.9,EV Chargers,power,38.624
14:50.6,EV Chargers,power,36.117
44:51.1,EV Chargers,power,40.563
15:06.7,EV Chargers,power,51.397
45:03.9,EV Chargers,power,141.967
45:07.4,EV Chargers,power,63.938
15:05.1,EV Chargers,power,141.967
15:07.9,EV Chargers,power,81.279
45:05.8,EV Chargers,power,141.967
45:08.5,EV Chargers,power,92.081
15:06.9,EV Chargers,power,141.967
15:08.9,EV Chargers,power,93.441
45:07.7,EV Chargers,power,141.967
45:09.5,EV Chargers,power,91.661
15:09.1,EV Chargers,power,141.967
15:10.2,EV Chargers,power,87.413
45:29.9,EV Chargers,power,141.967
45:31.9,EV Chargers,power,90.679
15:31.5,EV Chargers,power,141.967
15:33.3,EV Chargers,power,90.238
45:32.7,EV Chargers,power,141.967
45:34.1,EV Chargers,power,103.315
15:33.8,EV Chargers,power,141.967
15:34.9,EV Chargers,power,98.255
45:36.3,EV Chargers,power,141.967
46:11.8,EV Chargers,power,94.246
15:37.3,EV Chargers,power,141.967
16:12.4,EV Chargers,power,91.103
45:38.4,EV Chargers,power,141.967
46:12.9,EV Chargers,power,91.101
16:03.3,EV Chargers,power,141.967
16:13.6,EV Chargers,power,88.917
46:04.3,EV Chargers,power,141.967
46:14.1,EV Chargers,power,99.682
16:24.1,EV Chargers,power,141.967
16:40.9,EV Chargers,power,110.799
46:25.6,EV Chargers,power,141.967
46:41.5,EV Chargers,power,117.337
16:27.2,EV Chargers,power,141.967
16:42.6,EV Chargers,power,130.036
46:28.2,EV Chargers,power,141.967
46:43.2,EV Chargers,power,152.424
16:30.1,EV Chargers,power,141.967
16:44.0,EV Chargers,power,176.242
46:55.6,EV Chargers,power,141.967
47:05.6,EV Chargers,power,179.219
16:56.9,EV Chargers,power,141.967
17:07.3,EV Chargers,power,187.292
46:57.8,EV Chargers,power,141.967
47:07.8,EV Chargers,power,195.055
16:59.3,EV Chargers,power,141.967
17:08.4,EV Chargers,power,185.796
47:16.5,EV Chargers,power,141.967
47:28.5,EV Chargers,power,175.461
17:17.8,EV Chargers,power,141.967
17:29.1,EV Chargers,power,179.257
47:18.7,EV Chargers,power,141.967
47:29.6,EV Chargers,power,181.701
17:20.4,EV Chargers,power,141.967
17:30.6,EV Chargers,power,183.124
47:21.6,EV Chargers,power,141.967
47:31.2,EV Chargers,power,181.455
17:39.3,EV Chargers,power,141.967
17:49.5,EV Chargers,power,177.022
47:40.0,EV Chargers,power,141.967
47:50.4,EV Chargers,power,167.893
17:41.0,EV Chargers,power,141.967
17:51.0,EV Chargers,power,156.24
47:42.0,EV Chargers,power,141.967
17:43.6,EV Chargers,power,128.064
47:59.2,EV Chargers,power,108.053
18:17.6,EV Chargers,power,92.706
48:18.3,EV Chargers,power,77.273
18:18.8,EV Chargers,power,64.948
48:19.2,EV Chargers,power,58.345
18:19.7,EV Chargers,power,51.39
48:20.1,EV Chargers,power,43.084
18:20.6,EV Chargers,power,38.599
48:21.5,EV Chargers,power,34.285
18:22.1,EV Chargers,power,31.215
48:23.4,EV Chargers,power,29.74
18:56.9,EV Chargers,power,30.137
48:57.6,EV Chargers,power,36.301
18:31.0,EV Chargers,power,159.214
18:58.0,EV Chargers,power,43.363
48:32.3,EV Chargers,power,159.214
48:58.6,EV Chargers,power,54.392
18:33.9,EV Chargers,power,159.214
18:59.2,EV Chargers,power,66.99
49:01.7,EV Chargers,power,159.214
49:27.1,EV Chargers,power,77.522
19:03.6,EV Chargers,power,159.214
19:27.7,EV Chargers,power,87.87
49:04.9,EV Chargers,power,159.214
49:28.2,EV Chargers,power,91.187
19:06.3,EV Chargers,power,159.214
19:29.5,EV Chargers,power,88.813
49:07.2,EV Chargers,power,159.214
49:30.0,EV Chargers,power,95.159
19:08.8,EV Chargers,power,159.214
19:30.8,EV Chargers,power,94.457
49:31.5,EV Chargers,power,159.214
49:48.7,EV Chargers,power,108.62
19:33.4,EV Chargers,power,159.214
19:49.3,EV Chargers,power,101.282
49:35.1,EV Chargers,power,159.214
49:49.8,EV Chargers,power,109.588
19:36.9,EV Chargers,power,159.214
19:50.2,EV Chargers,power,113.169
50:00.6,EV Chargers,power,159.214
50:13.7,EV Chargers,power,106.414
20:02.2,EV Chargers,power,159.214
20:14.2,EV Chargers,power,109.107
50:03.8,EV Chargers,power,159.214
50:14.7,EV Chargers,power,111.414
20:05.4,EV Chargers,power,159.214
20:15.1,EV Chargers,power,121.416
50:06.5,EV Chargers,power,159.214
50:15.5,EV Chargers,power,122.082
20:08.6,EV Chargers,power,159.214
20:16.1,EV Chargers,power,133.588
50:09.6,EV Chargers,power,159.214
50:16.6,EV Chargers,power,148.98
20:30.2,EV Chargers,power,159.214
20:42.5,EV Chargers,power,159.529
50:31.3,EV Chargers,power,159.214
50:43.4,EV Chargers,power,163.516
20:32.6,EV Chargers,power,159.214
20:44.0,EV Chargers,power,172.523
50:33.3,EV Chargers,power,159.214
50:44.6,EV Chargers,power,174.653
20:34.9,EV Chargers,power,159.214
20:45.5,EV Chargers,power,174.532
50:59.2,EV Chargers,power,159.214
51:04.2,EV Chargers,power,166.815
21:00.5,EV Chargers,power,159.214
21:05.2,EV Chargers,power,159.624
51:01.5,EV Chargers,power,159.214
51:06.3,EV Chargers,power,159.867
21:03.6,EV Chargers,power,159.214
21:06.9,EV Chargers,power,163.198
51:04.4,EV Chargers,power,159.214
51:07.2,EV Chargers,power,159.464
21:05.4,EV Chargers,power,159.214
21:07.7,EV Chargers,power,157.128
51:06.9,EV Chargers,power,159.214
51:08.2,EV Chargers,power,154.279
21:08.0,EV Chargers,power,159.214
21:08.7,EV Chargers,power,150.05
51:08.8,EV Chargers,power,159.214
21:29.9,EV Chargers,power,155.664
51:31.0,EV Chargers,power,141.94
21:54.4,EV Chargers,power,128.954
51:55.1,EV Chargers,power,115.403
21:56.3,EV Chargers,power,102.679
51:57.2,EV Chargers,power,82.749
21:59.0,EV Chargers,power,71.644
52:19.5,EV Chargers,power,64.488
22:24.6,EV Chargers,power,56.08
52:25.8,EV Chargers,power,50.497
22:26.9,EV Chargers,power,45.751
52:28.2,EV Chargers,power,40.857
22:59.8,EV Chargers,power,38.482
53:00.6,EV Chargers,power,32.928
23:20.4,EV Chargers,power,28.628
23:21.4,EV Chargers,power,122.493
23:27.2,EV Chargers,power,122.493
23:27.5,EV Chargers,power,43.643
53:28.9,EV Chargers,power,122.493
53:29.1,EV Chargers,power,57.362
23:50.0,EV Chargers,power,122.493
23:50.4,EV Chargers,power,70.23
53:51.1,EV Chargers,power,122.493
53:51.4,EV Chargers,power,92.229
23:52.9,EV Chargers,power,122.493
23:53.1,EV Chargers,power,105.705
53:54.3,EV Chargers,power,122.493
54:22.6,EV Chargers,power,118.767
24:15.3,EV Chargers,power,122.493
24:23.7,EV Chargers,power,120.663
54:16.4,EV Chargers,power,122.493
54:24.4,EV Chargers,power,129.246
24:45.3,EV Chargers,power,122.493
24:54.6,EV Chargers,power,127.559
55:10.1,EV Chargers,power,122.493
55:15.6,EV Chargers,power,131.587
25:11.7,EV Chargers,power,122.493
25:16.7,EV Chargers,power,139.011
55:12.7,EV Chargers,power,122.493
55:17.4,EV Chargers,power,142.114
25:14.3,EV Chargers,power,122.493
25:19.9,EV Chargers,power,139.638
55:15.1,EV Chargers,power,122.493
55:20.9,EV Chargers,power,143.867
25:35.5,EV Chargers,power,122.493
25:41.6,EV Chargers,power,153.497
55:36.5,EV Chargers,power,122.493
55:42.5,EV Chargers,power,162.6
25:38.4,EV Chargers,power,122.493
25:43.8,EV Chargers,power,167.982
55:39.6,EV Chargers,power,122.493
55:44.2,EV Chargers,power,168.825
25:41.1,EV Chargers,power,122.493
25:46.0,EV Chargers,power,170.606
56:03.6,EV Chargers,power,122.493
56:05.8,EV Chargers,power,170.156
26:04.8,EV Chargers,power,122.493
26:06.3,EV Chargers,power,173.806
56:05.9,EV Chargers,power,122.493
56:07.2,EV Chargers,power,183.246
26:07.3,EV Chargers,power,122.493
26:07.7,EV Chargers,power,175.997
56:08.2,EV Chargers,power,122.493
56:08.5,EV Chargers,power,168.421
26:26.5,EV Chargers,power,122.493
26:28.3,EV Chargers,power,168.838
56:32.2,EV Chargers,power,122.493
56:56.0,EV Chargers,power,164.495
26:48.0,EV Chargers,power,122.493
26:56.4,EV Chargers,power,160.338
56:48.8,EV Chargers,power,122.493
56:56.7,EV Chargers,power,158.222
27:09.9,EV Chargers,power,122.493
27:34.7,EV Chargers,power,151.913
57:26.4,EV Chargers,power,122.493
57:35.2,EV Chargers,power,152.095
27:27.5,EV Chargers,power,122.493
27:35.8,EV Chargers,power,150.351
57:55.7,EV Chargers,power,122.493
27:59.0,EV Chargers,power,116.07
57:59.8,EV Chargers,power,112.497
28:29.7,EV Chargers,power,100.751
58:30.4,EV Chargers,power,91.02
28:31.5,EV Chargers,power,77.108
58:33.3,EV Chargers,power,66.724
28:34.7,EV Chargers,power,53.545
58:52.2,EV Chargers,power,44.887
28:54.3,EV Chargers,power,37.805
58:58.7,EV Chargers,power,27.789
29:15.7,EV Chargers,power,18.445
59:16.8,EV Chargers,power,12.103
29:18.7,EV Chargers,power,9.992
59:19.6,EV Chargers,power,5.682
29:21.9,EV Chargers,power,1.371
29:30.8,EV Chargers,power,109.718
59:43.9,EV Chargers,power,0
59:48.4,EV Chargers,power,109.718
30:02.6,EV Chargers,power,16.88
00:03.9,EV Chargers,power,31.167
00:59.2,EV Chargers,power,109.718
30:05.3,EV Chargers,power,48.01
30:59.9,EV Chargers,power,109.718
00:24.5,EV Chargers,power,56.982
01:00.5,EV Chargers,power,109.718
30:25.9,EV Chargers,power,71.376
31:01.3,EV Chargers,power,109.718
00:56.5,EV Chargers,power,90.203
01:02.6,EV Chargers,power,109.718
30:57.7,EV Chargers,power,95.137
31:03.1,EV Chargers,power,109.718
01:26.0,EV Chargers,power,109.718
01:27.6,EV Chargers,power,102.791
31:27.7,EV Chargers,power,109.718
31:28.1,EV Chargers,power,116.805
01:28.9,EV Chargers,power,109.718
01:55.3,EV Chargers,power,125.953
31:52.8,EV Chargers,power,109.718
31:56.7,EV Chargers,power,126.506
01:55.1,EV Chargers,power,109.718
01:58.0,EV Chargers,power,125.96
31:56.3,EV Chargers,power,109.718
31:59.0,EV Chargers,power,120.77
01:57.1,EV Chargers,power,109.718
01:59.7,EV Chargers,power,123.016
31:58.2,EV Chargers,power,109.718
32:00.2,EV Chargers,power,124.803
01:59.0,EV Chargers,power,109.718
02:01.2,EV Chargers,power,131.481
32:20.9,EV Chargers,power,124.837
32:22.7,EV Chargers,power,109.718
02:21.9,EV Chargers,power,128.182
02:23.1,EV Chargers,power,109.718
32:22.8,EV Chargers,power,133.995
32:23.6,EV Chargers,power,109.718
02:23.6,EV Chargers,power,143.884
02:24.0,EV Chargers,power,109.718
32:24.7,EV Chargers,power,109.718
32:25.1,EV Chargers,power,161.577
02:40.7,EV Chargers,power,170.719
02:43.9,EV Chargers,power,109.718
32:42.3,EV Chargers,power,167.441
32:44.5,EV Chargers,power,109.718
02:43.4,EV Chargers,power,164.014
02:45.0,EV Chargers,power,109.718
32:46.1,EV Chargers,power,166.346
33:16.2,EV Chargers,power,109.718
03:05.4,EV Chargers,power,159.648
03:16.7,EV Chargers,power,109.718
33:06.7,EV Chargers,power,154.918
33:17.2,EV Chargers,power,109.718
03:28.0,EV Chargers,power,145.793
03:34.3,EV Chargers,power,109.718
33:44.9,EV Chargers,power,137.117
33:56.9,EV Chargers,power,109.718
04:04.9,EV Chargers,power,131.618
04:13.4,EV Chargers,power,109.718
34:05.8,EV Chargers,power,118.414
34:13.7,EV Chargers,power,109.718
04:14.6,EV Chargers,power,105.025
34:15.1,EV Chargers,power,97.819
04:14.0,EV Chargers,power,90.577
34:33.4,EV Chargers,power,80.904
04:38.0,EV Chargers,power,71.865
35:03.6,EV Chargers,power,58.506
05:04.3,EV Chargers,power,47.285
35:05.7,EV Chargers,power,37.27
05:53.5,EV Chargers,power,31.406
35:54.1,EV Chargers,power,29.079
05:54.7,EV Chargers,power,23.091
36:11.2,EV Chargers,power,18.795
06:12.0,EV Chargers,power,17.789
36:13.7,EV Chargers,power,21.606
06:15.2,EV Chargers,power,21.735
36:16.6,EV Chargers,power,25.998
36:20.9,EV Chargers,power,97.926
06:20.6,EV Chargers,power,42.834
06:21.3,EV Chargers,power,97.926
36:24.9,EV Chargers,power,63.626
36:25.2,EV Chargers,power,97.926
06:25.8,EV Chargers,power,69.931
06:25.9,EV Chargers,power,97.926
36:26.9,EV Chargers,power,97.926
36:27.0,EV Chargers,power,75.056
06:28.2,EV Chargers,power,71.511
06:56.3,EV Chargers,power,97.926
36:49.3,EV Chargers,power,68.987
36:57.6,EV Chargers,power,97.926
06:53.1,EV Chargers,power,70.433
06:58.1,EV Chargers,power,97.926
37:16.4,EV Chargers,power,97.926
37:17.7,EV Chargers,power,68.483
07:17.4,EV Chargers,power,97.926
07:18.6,EV Chargers,power,64.747
37:18.8,EV Chargers,power,97.926
37:19.1,EV Chargers,power,67.192
07:20.2,EV Chargers,power,71.569
07:56.2,EV Chargers,power,97.926
37:47.1,EV Chargers,power,76.612
37:56.6,EV Chargers,power,97.926
07:52.4,EV Chargers,power,73.16
07:57.3,EV Chargers,power,97.926
38:18.0,EV Chargers,power,97.926
38:21.9,EV Chargers,power,72.362
08:19.0,EV Chargers,power,97.926
08:24.8,EV Chargers,power,80.403
38:20.0,EV Chargers,power,97.926
38:25.2,EV Chargers,power,87.759
15:57.1,EV Chargers,power,97.926
15:58.4,EV Chargers,power,102.838
18:57.9,EV Chargers,power,97.926
19:01.2,EV Chargers,power,102.838
49:16.3,EV Chargers,power,97.926
49:25.4,EV Chargers,power,115.695
19:42.3,EV Chargers,power,97.926
19:47.3,EV Chargers,power,138.358
50:07.0,EV Chargers,power,97.926
50:07.7,EV Chargers,power,150.866
